/*
 Navicat Premium Data Transfer

 Source Server         : MySql Local
 Source Server Type    : MySQL
 Source Server Version : 80030 (8.0.30)
 Source Host           : localhost:3306
 Source Schema         : inventory

 Target Server Type    : MySQL
 Target Server Version : 80030 (8.0.30)
 File Encoding         : 65001

 Date: 27/11/2024 09:49:44
*/

SET NAMES utf8mb4;
SET FOREIGN_KEY_CHECKS = 0;

-- ----------------------------
-- Table structure for cache
-- ----------------------------
DROP TABLE IF EXISTS `cache`;
CREATE TABLE `cache`  (
  `key` varchar(255) CHARACTER SET utf8mb4 COLLATE utf8mb4_unicode_ci NOT NULL,
  `value` mediumtext CHARACTER SET utf8mb4 COLLATE utf8mb4_unicode_ci NOT NULL,
  `expiration` int NOT NULL,
  PRIMARY KEY (`key`) USING BTREE
) ENGINE = InnoDB CHARACTER SET = utf8mb4 COLLATE = utf8mb4_unicode_ci ROW_FORMAT = Dynamic;

-- ----------------------------
-- Records of cache
-- ----------------------------
INSERT INTO `cache` VALUES ('a17961fa74e9275d529f489537f179c05d50c2f3', 'i:1;', 1732675807);
INSERT INTO `cache` VALUES ('a17961fa74e9275d529f489537f179c05d50c2f3:timer', 'i:1732675807;', 1732675807);
INSERT INTO `cache` VALUES ('spatie.permission.cache', 'a:3:{s:5:\"alias\";a:4:{s:1:\"a\";s:2:\"id\";s:1:\"b\";s:4:\"name\";s:1:\"c\";s:10:\"guard_name\";s:1:\"r\";s:5:\"roles\";}s:11:\"permissions\";a:25:{i:0;a:4:{s:1:\"a\";i:1;s:1:\"b\";s:9:\"view_role\";s:1:\"c\";s:3:\"web\";s:1:\"r\";a:1:{i:0;i:1;}}i:1;a:4:{s:1:\"a\";i:2;s:1:\"b\";s:13:\"view_any_role\";s:1:\"c\";s:3:\"web\";s:1:\"r\";a:1:{i:0;i:1;}}i:2;a:4:{s:1:\"a\";i:3;s:1:\"b\";s:11:\"create_role\";s:1:\"c\";s:3:\"web\";s:1:\"r\";a:1:{i:0;i:1;}}i:3;a:4:{s:1:\"a\";i:4;s:1:\"b\";s:11:\"update_role\";s:1:\"c\";s:3:\"web\";s:1:\"r\";a:1:{i:0;i:1;}}i:4;a:4:{s:1:\"a\";i:5;s:1:\"b\";s:11:\"delete_role\";s:1:\"c\";s:3:\"web\";s:1:\"r\";a:1:{i:0;i:1;}}i:5;a:4:{s:1:\"a\";i:6;s:1:\"b\";s:15:\"delete_any_role\";s:1:\"c\";s:3:\"web\";s:1:\"r\";a:1:{i:0;i:1;}}i:6;a:4:{s:1:\"a\";i:7;s:1:\"b\";s:16:\"view_any_product\";s:1:\"c\";s:3:\"web\";s:1:\"r\";a:2:{i:0;i:1;i:1;i:2;}}i:7;a:4:{s:1:\"a\";i:8;s:1:\"b\";s:14:\"create_product\";s:1:\"c\";s:3:\"web\";s:1:\"r\";a:2:{i:0;i:1;i:1;i:2;}}i:8;a:4:{s:1:\"a\";i:9;s:1:\"b\";s:14:\"update_product\";s:1:\"c\";s:3:\"web\";s:1:\"r\";a:2:{i:0;i:1;i:1;i:2;}}i:9;a:4:{s:1:\"a\";i:10;s:1:\"b\";s:14:\"view_retrieval\";s:1:\"c\";s:3:\"web\";s:1:\"r\";a:2:{i:0;i:1;i:1;i:2;}}i:10;a:4:{s:1:\"a\";i:11;s:1:\"b\";s:18:\"view_any_retrieval\";s:1:\"c\";s:3:\"web\";s:1:\"r\";a:2:{i:0;i:1;i:1;i:2;}}i:11;a:4:{s:1:\"a\";i:12;s:1:\"b\";s:16:\"create_retrieval\";s:1:\"c\";s:3:\"web\";s:1:\"r\";a:2:{i:0;i:1;i:1;i:2;}}i:12;a:4:{s:1:\"a\";i:13;s:1:\"b\";s:16:\"update_retrieval\";s:1:\"c\";s:3:\"web\";s:1:\"r\";a:2:{i:0;i:1;i:1;i:2;}}i:13;a:4:{s:1:\"a\";i:14;s:1:\"b\";s:16:\"view_any_section\";s:1:\"c\";s:3:\"web\";s:1:\"r\";a:2:{i:0;i:1;i:1;i:2;}}i:14;a:4:{s:1:\"a\";i:15;s:1:\"b\";s:14:\"create_section\";s:1:\"c\";s:3:\"web\";s:1:\"r\";a:2:{i:0;i:1;i:1;i:2;}}i:15;a:4:{s:1:\"a\";i:16;s:1:\"b\";s:14:\"update_section\";s:1:\"c\";s:3:\"web\";s:1:\"r\";a:2:{i:0;i:1;i:1;i:2;}}i:16;a:4:{s:1:\"a\";i:17;s:1:\"b\";s:13:\"view_any_user\";s:1:\"c\";s:3:\"web\";s:1:\"r\";a:1:{i:0;i:1;}}i:17;a:4:{s:1:\"a\";i:18;s:1:\"b\";s:11:\"create_user\";s:1:\"c\";s:3:\"web\";s:1:\"r\";a:1:{i:0;i:1;}}i:18;a:4:{s:1:\"a\";i:19;s:1:\"b\";s:11:\"update_user\";s:1:\"c\";s:3:\"web\";s:1:\"r\";a:1:{i:0;i:1;}}i:19;a:4:{s:1:\"a\";i:20;s:1:\"b\";s:15:\"view_any_vendor\";s:1:\"c\";s:3:\"web\";s:1:\"r\";a:2:{i:0;i:1;i:1;i:2;}}i:20;a:4:{s:1:\"a\";i:21;s:1:\"b\";s:13:\"create_vendor\";s:1:\"c\";s:3:\"web\";s:1:\"r\";a:2:{i:0;i:1;i:1;i:2;}}i:21;a:4:{s:1:\"a\";i:22;s:1:\"b\";s:13:\"update_vendor\";s:1:\"c\";s:3:\"web\";s:1:\"r\";a:2:{i:0;i:1;i:1;i:2;}}i:22;a:4:{s:1:\"a\";i:23;s:1:\"b\";s:20:\"page_EditProfilePage\";s:1:\"c\";s:3:\"web\";s:1:\"r\";a:1:{i:0;i:1;}}i:23;a:4:{s:1:\"a\";i:24;s:1:\"b\";s:29:\"widget_StatsDashboardOverview\";s:1:\"c\";s:3:\"web\";s:1:\"r\";a:1:{i:0;i:1;}}i:24;a:4:{s:1:\"a\";i:25;s:1:\"b\";s:21:\"widget_RetrievalChart\";s:1:\"c\";s:3:\"web\";s:1:\"r\";a:1:{i:0;i:1;}}}s:5:\"roles\";a:2:{i:0;a:3:{s:1:\"a\";i:1;s:1:\"b\";s:11:\"super_admin\";s:1:\"c\";s:3:\"web\";}i:1;a:3:{s:1:\"a\";i:2;s:1:\"b\";s:5:\"admin\";s:1:\"c\";s:3:\"web\";}}}', 1732762120);

-- ----------------------------
-- Table structure for cache_locks
-- ----------------------------
DROP TABLE IF EXISTS `cache_locks`;
CREATE TABLE `cache_locks`  (
  `key` varchar(255) CHARACTER SET utf8mb4 COLLATE utf8mb4_unicode_ci NOT NULL,
  `owner` varchar(255) CHARACTER SET utf8mb4 COLLATE utf8mb4_unicode_ci NOT NULL,
  `expiration` int NOT NULL,
  PRIMARY KEY (`key`) USING BTREE
) ENGINE = InnoDB CHARACTER SET = utf8mb4 COLLATE = utf8mb4_unicode_ci ROW_FORMAT = Dynamic;

-- ----------------------------
-- Records of cache_locks
-- ----------------------------

-- ----------------------------
-- Table structure for failed_jobs
-- ----------------------------
DROP TABLE IF EXISTS `failed_jobs`;
CREATE TABLE `failed_jobs`  (
  `id` bigint UNSIGNED NOT NULL AUTO_INCREMENT,
  `uuid` varchar(255) CHARACTER SET utf8mb4 COLLATE utf8mb4_unicode_ci NOT NULL,
  `connection` text CHARACTER SET utf8mb4 COLLATE utf8mb4_unicode_ci NOT NULL,
  `queue` text CHARACTER SET utf8mb4 COLLATE utf8mb4_unicode_ci NOT NULL,
  `payload` longtext CHARACTER SET utf8mb4 COLLATE utf8mb4_unicode_ci NOT NULL,
  `exception` longtext CHARACTER SET utf8mb4 COLLATE utf8mb4_unicode_ci NOT NULL,
  `failed_at` timestamp NOT NULL DEFAULT CURRENT_TIMESTAMP,
  PRIMARY KEY (`id`) USING BTREE,
  UNIQUE INDEX `failed_jobs_uuid_unique`(`uuid` ASC) USING BTREE
) ENGINE = InnoDB AUTO_INCREMENT = 1 CHARACTER SET = utf8mb4 COLLATE = utf8mb4_unicode_ci ROW_FORMAT = Dynamic;

-- ----------------------------
-- Records of failed_jobs
-- ----------------------------

-- ----------------------------
-- Table structure for job_batches
-- ----------------------------
DROP TABLE IF EXISTS `job_batches`;
CREATE TABLE `job_batches`  (
  `id` varchar(255) CHARACTER SET utf8mb4 COLLATE utf8mb4_unicode_ci NOT NULL,
  `name` varchar(255) CHARACTER SET utf8mb4 COLLATE utf8mb4_unicode_ci NOT NULL,
  `total_jobs` int NOT NULL,
  `pending_jobs` int NOT NULL,
  `failed_jobs` int NOT NULL,
  `failed_job_ids` longtext CHARACTER SET utf8mb4 COLLATE utf8mb4_unicode_ci NOT NULL,
  `options` mediumtext CHARACTER SET utf8mb4 COLLATE utf8mb4_unicode_ci NULL,
  `cancelled_at` int NULL DEFAULT NULL,
  `created_at` int NOT NULL,
  `finished_at` int NULL DEFAULT NULL,
  PRIMARY KEY (`id`) USING BTREE
) ENGINE = InnoDB CHARACTER SET = utf8mb4 COLLATE = utf8mb4_unicode_ci ROW_FORMAT = Dynamic;

-- ----------------------------
-- Records of job_batches
-- ----------------------------

-- ----------------------------
-- Table structure for jobs
-- ----------------------------
DROP TABLE IF EXISTS `jobs`;
CREATE TABLE `jobs`  (
  `id` bigint UNSIGNED NOT NULL AUTO_INCREMENT,
  `queue` varchar(255) CHARACTER SET utf8mb4 COLLATE utf8mb4_unicode_ci NOT NULL,
  `payload` longtext CHARACTER SET utf8mb4 COLLATE utf8mb4_unicode_ci NOT NULL,
  `attempts` tinyint UNSIGNED NOT NULL,
  `reserved_at` int UNSIGNED NULL DEFAULT NULL,
  `available_at` int UNSIGNED NOT NULL,
  `created_at` int UNSIGNED NOT NULL,
  PRIMARY KEY (`id`) USING BTREE,
  INDEX `jobs_queue_index`(`queue` ASC) USING BTREE
) ENGINE = InnoDB AUTO_INCREMENT = 1 CHARACTER SET = utf8mb4 COLLATE = utf8mb4_unicode_ci ROW_FORMAT = Dynamic;

-- ----------------------------
-- Records of jobs
-- ----------------------------

-- ----------------------------
-- Table structure for migrations
-- ----------------------------
DROP TABLE IF EXISTS `migrations`;
CREATE TABLE `migrations`  (
  `id` int UNSIGNED NOT NULL AUTO_INCREMENT,
  `migration` varchar(255) CHARACTER SET utf8mb4 COLLATE utf8mb4_unicode_ci NOT NULL,
  `batch` int NOT NULL,
  PRIMARY KEY (`id`) USING BTREE
) ENGINE = InnoDB AUTO_INCREMENT = 12 CHARACTER SET = utf8mb4 COLLATE = utf8mb4_unicode_ci ROW_FORMAT = Dynamic;

-- ----------------------------
-- Records of migrations
-- ----------------------------
INSERT INTO `migrations` VALUES (1, '0001_01_01_000000_create_user_table', 1);
INSERT INTO `migrations` VALUES (2, '0001_01_01_000001_create_cache_table', 1);
INSERT INTO `migrations` VALUES (3, '0001_01_01_000002_create_jobs_table', 1);
INSERT INTO `migrations` VALUES (4, '2024_11_21_110524_create_vendor_table', 1);
INSERT INTO `migrations` VALUES (5, '2024_11_21_110525_create_product_table', 1);
INSERT INTO `migrations` VALUES (6, '2024_11_21_111427_create_section_table', 1);
INSERT INTO `migrations` VALUES (7, '2024_11_21_111428_create_pic_table', 1);
INSERT INTO `migrations` VALUES (8, '2024_11_21_113022_create_retrieval_table', 1);
INSERT INTO `migrations` VALUES (9, '2024_11_21_113720_create_retrieval_item_table', 1);
INSERT INTO `migrations` VALUES (11, '2024_11_27_065346_create_permission_tables', 2);

-- ----------------------------
-- Table structure for model_has_permissions
-- ----------------------------
DROP TABLE IF EXISTS `model_has_permissions`;
CREATE TABLE `model_has_permissions`  (
  `permission_id` bigint UNSIGNED NOT NULL,
  `model_type` varchar(255) CHARACTER SET utf8mb4 COLLATE utf8mb4_unicode_ci NOT NULL,
  `model_id` bigint UNSIGNED NOT NULL,
  PRIMARY KEY (`permission_id`, `model_id`, `model_type`) USING BTREE,
  INDEX `model_has_permissions_model_id_model_type_index`(`model_id` ASC, `model_type` ASC) USING BTREE,
  CONSTRAINT `model_has_permissions_permission_id_foreign` FOREIGN KEY (`permission_id`) REFERENCES `permissions` (`id`) ON DELETE CASCADE ON UPDATE RESTRICT
) ENGINE = InnoDB CHARACTER SET = utf8mb4 COLLATE = utf8mb4_unicode_ci ROW_FORMAT = Dynamic;

-- ----------------------------
-- Records of model_has_permissions
-- ----------------------------

-- ----------------------------
-- Table structure for model_has_roles
-- ----------------------------
DROP TABLE IF EXISTS `model_has_roles`;
CREATE TABLE `model_has_roles`  (
  `role_id` bigint UNSIGNED NOT NULL,
  `model_type` varchar(255) CHARACTER SET utf8mb4 COLLATE utf8mb4_unicode_ci NOT NULL,
  `model_id` bigint UNSIGNED NOT NULL,
  PRIMARY KEY (`role_id`, `model_id`, `model_type`) USING BTREE,
  INDEX `model_has_roles_model_id_model_type_index`(`model_id` ASC, `model_type` ASC) USING BTREE,
  CONSTRAINT `model_has_roles_role_id_foreign` FOREIGN KEY (`role_id`) REFERENCES `roles` (`id`) ON DELETE CASCADE ON UPDATE RESTRICT
) ENGINE = InnoDB CHARACTER SET = utf8mb4 COLLATE = utf8mb4_unicode_ci ROW_FORMAT = Dynamic;

-- ----------------------------
-- Records of model_has_roles
-- ----------------------------
INSERT INTO `model_has_roles` VALUES (1, 'App\\Models\\User', 1);
INSERT INTO `model_has_roles` VALUES (2, 'App\\Models\\User', 2);

-- ----------------------------
-- Table structure for password_reset_tokens
-- ----------------------------
DROP TABLE IF EXISTS `password_reset_tokens`;
CREATE TABLE `password_reset_tokens`  (
  `email` varchar(255) CHARACTER SET utf8mb4 COLLATE utf8mb4_unicode_ci NOT NULL,
  `token` varchar(255) CHARACTER SET utf8mb4 COLLATE utf8mb4_unicode_ci NOT NULL,
  `created_at` timestamp NULL DEFAULT NULL,
  PRIMARY KEY (`email`) USING BTREE
) ENGINE = InnoDB CHARACTER SET = utf8mb4 COLLATE = utf8mb4_unicode_ci ROW_FORMAT = Dynamic;

-- ----------------------------
-- Records of password_reset_tokens
-- ----------------------------

-- ----------------------------
-- Table structure for permissions
-- ----------------------------
DROP TABLE IF EXISTS `permissions`;
CREATE TABLE `permissions`  (
  `id` bigint UNSIGNED NOT NULL AUTO_INCREMENT,
  `name` varchar(255) CHARACTER SET utf8mb4 COLLATE utf8mb4_unicode_ci NOT NULL,
  `guard_name` varchar(255) CHARACTER SET utf8mb4 COLLATE utf8mb4_unicode_ci NOT NULL,
  `created_at` timestamp NULL DEFAULT NULL,
  `updated_at` timestamp NULL DEFAULT NULL,
  PRIMARY KEY (`id`) USING BTREE,
  UNIQUE INDEX `permissions_name_guard_name_unique`(`name` ASC, `guard_name` ASC) USING BTREE
) ENGINE = InnoDB AUTO_INCREMENT = 26 CHARACTER SET = utf8mb4 COLLATE = utf8mb4_unicode_ci ROW_FORMAT = Dynamic;

-- ----------------------------
-- Records of permissions
-- ----------------------------
INSERT INTO `permissions` VALUES (1, 'view_role', 'web', '2024-11-27 09:46:17', '2024-11-27 09:46:17');
INSERT INTO `permissions` VALUES (2, 'view_any_role', 'web', '2024-11-27 09:46:17', '2024-11-27 09:46:17');
INSERT INTO `permissions` VALUES (3, 'create_role', 'web', '2024-11-27 09:46:17', '2024-11-27 09:46:17');
INSERT INTO `permissions` VALUES (4, 'update_role', 'web', '2024-11-27 09:46:17', '2024-11-27 09:46:17');
INSERT INTO `permissions` VALUES (5, 'delete_role', 'web', '2024-11-27 09:46:17', '2024-11-27 09:46:17');
INSERT INTO `permissions` VALUES (6, 'delete_any_role', 'web', '2024-11-27 09:46:17', '2024-11-27 09:46:17');
INSERT INTO `permissions` VALUES (7, 'view_any_product', 'web', '2024-11-27 09:46:34', '2024-11-27 09:46:34');
INSERT INTO `permissions` VALUES (8, 'create_product', 'web', '2024-11-27 09:46:34', '2024-11-27 09:46:34');
INSERT INTO `permissions` VALUES (9, 'update_product', 'web', '2024-11-27 09:46:34', '2024-11-27 09:46:34');
INSERT INTO `permissions` VALUES (10, 'view_retrieval', 'web', '2024-11-27 09:46:34', '2024-11-27 09:46:34');
INSERT INTO `permissions` VALUES (11, 'view_any_retrieval', 'web', '2024-11-27 09:46:34', '2024-11-27 09:46:34');
INSERT INTO `permissions` VALUES (12, 'create_retrieval', 'web', '2024-11-27 09:46:34', '2024-11-27 09:46:34');
INSERT INTO `permissions` VALUES (13, 'update_retrieval', 'web', '2024-11-27 09:46:34', '2024-11-27 09:46:34');
INSERT INTO `permissions` VALUES (14, 'view_any_section', 'web', '2024-11-27 09:46:34', '2024-11-27 09:46:34');
INSERT INTO `permissions` VALUES (15, 'create_section', 'web', '2024-11-27 09:46:34', '2024-11-27 09:46:34');
INSERT INTO `permissions` VALUES (16, 'update_section', 'web', '2024-11-27 09:46:34', '2024-11-27 09:46:34');
INSERT INTO `permissions` VALUES (17, 'view_any_user', 'web', '2024-11-27 09:46:34', '2024-11-27 09:46:34');
INSERT INTO `permissions` VALUES (18, 'create_user', 'web', '2024-11-27 09:46:34', '2024-11-27 09:46:34');
INSERT INTO `permissions` VALUES (19, 'update_user', 'web', '2024-11-27 09:46:34', '2024-11-27 09:46:34');
INSERT INTO `permissions` VALUES (20, 'view_any_vendor', 'web', '2024-11-27 09:46:34', '2024-11-27 09:46:34');
INSERT INTO `permissions` VALUES (21, 'create_vendor', 'web', '2024-11-27 09:46:34', '2024-11-27 09:46:34');
INSERT INTO `permissions` VALUES (22, 'update_vendor', 'web', '2024-11-27 09:46:34', '2024-11-27 09:46:34');
INSERT INTO `permissions` VALUES (23, 'page_EditProfilePage', 'web', '2024-11-27 09:46:34', '2024-11-27 09:46:34');
INSERT INTO `permissions` VALUES (24, 'widget_StatsDashboardOverview', 'web', '2024-11-27 09:46:34', '2024-11-27 09:46:34');
INSERT INTO `permissions` VALUES (25, 'widget_RetrievalChart', 'web', '2024-11-27 09:46:34', '2024-11-27 09:46:34');

-- ----------------------------
-- Table structure for pic
-- ----------------------------
DROP TABLE IF EXISTS `pic`;
CREATE TABLE `pic`  (
  `id` bigint UNSIGNED NOT NULL AUTO_INCREMENT,
  `name` varchar(255) CHARACTER SET utf8mb4 COLLATE utf8mb4_unicode_ci NULL DEFAULT NULL,
  `section_code` varchar(255) CHARACTER SET utf8mb4 COLLATE utf8mb4_unicode_ci NULL DEFAULT NULL,
  `created_at` timestamp NULL DEFAULT NULL,
  `updated_at` timestamp NULL DEFAULT NULL,
  PRIMARY KEY (`id`) USING BTREE,
  INDEX `pic_section_code_index`(`section_code` ASC) USING BTREE,
  CONSTRAINT `pic_section_code_foreign` FOREIGN KEY (`section_code`) REFERENCES `section` (`code`) ON DELETE CASCADE ON UPDATE CASCADE
) ENGINE = InnoDB AUTO_INCREMENT = 1 CHARACTER SET = utf8mb4 COLLATE = utf8mb4_unicode_ci ROW_FORMAT = Dynamic;

-- ----------------------------
-- Records of pic
-- ----------------------------

-- ----------------------------
-- Table structure for product
-- ----------------------------
DROP TABLE IF EXISTS `product`;
CREATE TABLE `product`  (
  `id` bigint UNSIGNED NOT NULL AUTO_INCREMENT,
  `code` varchar(255) CHARACTER SET utf8mb4 COLLATE utf8mb4_unicode_ci NOT NULL,
  `name` varchar(255) CHARACTER SET utf8mb4 COLLATE utf8mb4_unicode_ci NULL DEFAULT NULL,
  `vendor_code` varchar(255) CHARACTER SET utf8mb4 COLLATE utf8mb4_unicode_ci NULL DEFAULT NULL,
  `created_at` timestamp NULL DEFAULT NULL,
  `updated_at` timestamp NULL DEFAULT NULL,
  PRIMARY KEY (`id`) USING BTREE,
  UNIQUE INDEX `product_code_unique`(`code` ASC) USING BTREE,
  INDEX `product_vendor_code_index`(`vendor_code` ASC) USING BTREE,
  CONSTRAINT `product_vendor_code_foreign` FOREIGN KEY (`vendor_code`) REFERENCES `vendor` (`code`) ON DELETE CASCADE ON UPDATE CASCADE
) ENGINE = InnoDB AUTO_INCREMENT = 1 CHARACTER SET = utf8mb4 COLLATE = utf8mb4_unicode_ci ROW_FORMAT = Dynamic;

-- ----------------------------
-- Records of product
-- ----------------------------

-- ----------------------------
-- Table structure for retrieval
-- ----------------------------
DROP TABLE IF EXISTS `retrieval`;
CREATE TABLE `retrieval`  (
  `id` bigint UNSIGNED NOT NULL AUTO_INCREMENT,
  `retrieval_date` date NULL DEFAULT NULL,
  `section_code` varchar(255) CHARACTER SET utf8mb4 COLLATE utf8mb4_unicode_ci NULL DEFAULT NULL,
  `pic_id` bigint UNSIGNED NULL DEFAULT NULL,
  `user_id` bigint UNSIGNED NULL DEFAULT NULL,
  `created_at` timestamp NULL DEFAULT NULL,
  `updated_at` timestamp NULL DEFAULT NULL,
  PRIMARY KEY (`id`) USING BTREE,
  INDEX `retrieval_section_code_index`(`section_code` ASC) USING BTREE,
  INDEX `retrieval_pic_id_index`(`pic_id` ASC) USING BTREE,
  INDEX `retrieval_user_id_index`(`user_id` ASC) USING BTREE,
  CONSTRAINT `retrieval_pic_id_foreign` FOREIGN KEY (`pic_id`) REFERENCES `pic` (`id`) ON DELETE SET NULL ON UPDATE RESTRICT,
  CONSTRAINT `retrieval_section_code_foreign` FOREIGN KEY (`section_code`) REFERENCES `section` (`code`) ON DELETE SET NULL ON UPDATE CASCADE,
  CONSTRAINT `retrieval_user_id_foreign` FOREIGN KEY (`user_id`) REFERENCES `user` (`id`) ON DELETE SET NULL ON UPDATE RESTRICT
) ENGINE = InnoDB AUTO_INCREMENT = 1 CHARACTER SET = utf8mb4 COLLATE = utf8mb4_unicode_ci ROW_FORMAT = Dynamic;

-- ----------------------------
-- Records of retrieval
-- ----------------------------

-- ----------------------------
-- Table structure for retrieval_item
-- ----------------------------
DROP TABLE IF EXISTS `retrieval_item`;
CREATE TABLE `retrieval_item`  (
  `id` bigint UNSIGNED NOT NULL AUTO_INCREMENT,
  `retrieval_id` bigint UNSIGNED NOT NULL,
  `product_code` varchar(255) CHARACTER SET utf8mb4 COLLATE utf8mb4_unicode_ci NULL DEFAULT NULL,
  `qty` double NULL DEFAULT 0,
  `section_code` varchar(255) CHARACTER SET utf8mb4 COLLATE utf8mb4_unicode_ci NULL DEFAULT NULL,
  `in_date` date NULL DEFAULT NULL,
  `no_primary` varchar(255) CHARACTER SET utf8mb4 COLLATE utf8mb4_unicode_ci NULL DEFAULT NULL,
  `pic_id` bigint UNSIGNED NULL DEFAULT NULL,
  `created_at` timestamp NULL DEFAULT NULL,
  `updated_at` timestamp NULL DEFAULT NULL,
  PRIMARY KEY (`id`) USING BTREE,
  INDEX `retrieval_item_retrieval_id_index`(`retrieval_id` ASC) USING BTREE,
  INDEX `retrieval_item_product_code_index`(`product_code` ASC) USING BTREE,
  INDEX `retrieval_item_section_code_index`(`section_code` ASC) USING BTREE,
  INDEX `retrieval_item_pic_id_index`(`pic_id` ASC) USING BTREE,
  CONSTRAINT `retrieval_item_pic_id_foreign` FOREIGN KEY (`pic_id`) REFERENCES `pic` (`id`) ON DELETE SET NULL ON UPDATE RESTRICT,
  CONSTRAINT `retrieval_item_product_code_foreign` FOREIGN KEY (`product_code`) REFERENCES `product` (`code`) ON DELETE CASCADE ON UPDATE CASCADE,
  CONSTRAINT `retrieval_item_retrieval_id_foreign` FOREIGN KEY (`retrieval_id`) REFERENCES `retrieval` (`id`) ON DELETE CASCADE ON UPDATE CASCADE,
  CONSTRAINT `retrieval_item_section_code_foreign` FOREIGN KEY (`section_code`) REFERENCES `section` (`code`) ON DELETE CASCADE ON UPDATE CASCADE
) ENGINE = InnoDB AUTO_INCREMENT = 1 CHARACTER SET = utf8mb4 COLLATE = utf8mb4_unicode_ci ROW_FORMAT = Dynamic;

-- ----------------------------
-- Records of retrieval_item
-- ----------------------------

-- ----------------------------
-- Table structure for role_has_permissions
-- ----------------------------
DROP TABLE IF EXISTS `role_has_permissions`;
CREATE TABLE `role_has_permissions`  (
  `permission_id` bigint UNSIGNED NOT NULL,
  `role_id` bigint UNSIGNED NOT NULL,
  PRIMARY KEY (`permission_id`, `role_id`) USING BTREE,
  INDEX `role_has_permissions_role_id_foreign`(`role_id` ASC) USING BTREE,
  CONSTRAINT `role_has_permissions_permission_id_foreign` FOREIGN KEY (`permission_id`) REFERENCES `permissions` (`id`) ON DELETE CASCADE ON UPDATE RESTRICT,
  CONSTRAINT `role_has_permissions_role_id_foreign` FOREIGN KEY (`role_id`) REFERENCES `roles` (`id`) ON DELETE CASCADE ON UPDATE RESTRICT
) ENGINE = InnoDB CHARACTER SET = utf8mb4 COLLATE = utf8mb4_unicode_ci ROW_FORMAT = Dynamic;

-- ----------------------------
-- Records of role_has_permissions
-- ----------------------------
INSERT INTO `role_has_permissions` VALUES (1, 1);
INSERT INTO `role_has_permissions` VALUES (2, 1);
INSERT INTO `role_has_permissions` VALUES (3, 1);
INSERT INTO `role_has_permissions` VALUES (4, 1);
INSERT INTO `role_has_permissions` VALUES (5, 1);
INSERT INTO `role_has_permissions` VALUES (6, 1);
INSERT INTO `role_has_permissions` VALUES (7, 1);
INSERT INTO `role_has_permissions` VALUES (8, 1);
INSERT INTO `role_has_permissions` VALUES (9, 1);
INSERT INTO `role_has_permissions` VALUES (10, 1);
INSERT INTO `role_has_permissions` VALUES (11, 1);
INSERT INTO `role_has_permissions` VALUES (12, 1);
INSERT INTO `role_has_permissions` VALUES (13, 1);
INSERT INTO `role_has_permissions` VALUES (14, 1);
INSERT INTO `role_has_permissions` VALUES (15, 1);
INSERT INTO `role_has_permissions` VALUES (16, 1);
INSERT INTO `role_has_permissions` VALUES (17, 1);
INSERT INTO `role_has_permissions` VALUES (18, 1);
INSERT INTO `role_has_permissions` VALUES (19, 1);
INSERT INTO `role_has_permissions` VALUES (20, 1);
INSERT INTO `role_has_permissions` VALUES (21, 1);
INSERT INTO `role_has_permissions` VALUES (22, 1);
INSERT INTO `role_has_permissions` VALUES (23, 1);
INSERT INTO `role_has_permissions` VALUES (24, 1);
INSERT INTO `role_has_permissions` VALUES (25, 1);
INSERT INTO `role_has_permissions` VALUES (7, 2);
INSERT INTO `role_has_permissions` VALUES (8, 2);
INSERT INTO `role_has_permissions` VALUES (9, 2);
INSERT INTO `role_has_permissions` VALUES (10, 2);
INSERT INTO `role_has_permissions` VALUES (11, 2);
INSERT INTO `role_has_permissions` VALUES (12, 2);
INSERT INTO `role_has_permissions` VALUES (13, 2);
INSERT INTO `role_has_permissions` VALUES (14, 2);
INSERT INTO `role_has_permissions` VALUES (15, 2);
INSERT INTO `role_has_permissions` VALUES (16, 2);
INSERT INTO `role_has_permissions` VALUES (20, 2);
INSERT INTO `role_has_permissions` VALUES (21, 2);
INSERT INTO `role_has_permissions` VALUES (22, 2);

-- ----------------------------
-- Table structure for roles
-- ----------------------------
DROP TABLE IF EXISTS `roles`;
CREATE TABLE `roles`  (
  `id` bigint UNSIGNED NOT NULL AUTO_INCREMENT,
  `name` varchar(255) CHARACTER SET utf8mb4 COLLATE utf8mb4_unicode_ci NOT NULL,
  `guard_name` varchar(255) CHARACTER SET utf8mb4 COLLATE utf8mb4_unicode_ci NOT NULL,
  `created_at` timestamp NULL DEFAULT NULL,
  `updated_at` timestamp NULL DEFAULT NULL,
  PRIMARY KEY (`id`) USING BTREE,
  UNIQUE INDEX `roles_name_guard_name_unique`(`name` ASC, `guard_name` ASC) USING BTREE
) ENGINE = InnoDB AUTO_INCREMENT = 3 CHARACTER SET = utf8mb4 COLLATE = utf8mb4_unicode_ci ROW_FORMAT = Dynamic;

-- ----------------------------
-- Records of roles
-- ----------------------------
INSERT INTO `roles` VALUES (1, 'super_admin', 'web', '2024-11-27 09:46:17', '2024-11-27 09:46:17');
INSERT INTO `roles` VALUES (2, 'admin', 'web', '2024-11-27 09:48:40', '2024-11-27 09:48:40');

-- ----------------------------
-- Table structure for section
-- ----------------------------
DROP TABLE IF EXISTS `section`;
CREATE TABLE `section`  (
  `id` bigint UNSIGNED NOT NULL AUTO_INCREMENT,
  `code` varchar(255) CHARACTER SET utf8mb4 COLLATE utf8mb4_unicode_ci NOT NULL,
  `name` varchar(255) CHARACTER SET utf8mb4 COLLATE utf8mb4_unicode_ci NULL DEFAULT NULL,
  `created_at` timestamp NULL DEFAULT NULL,
  `updated_at` timestamp NULL DEFAULT NULL,
  PRIMARY KEY (`id`) USING BTREE,
  UNIQUE INDEX `section_code_unique`(`code` ASC) USING BTREE
) ENGINE = InnoDB AUTO_INCREMENT = 1 CHARACTER SET = utf8mb4 COLLATE = utf8mb4_unicode_ci ROW_FORMAT = Dynamic;

-- ----------------------------
-- Records of section
-- ----------------------------

-- ----------------------------
-- Table structure for sessions
-- ----------------------------
DROP TABLE IF EXISTS `sessions`;
CREATE TABLE `sessions`  (
  `id` varchar(255) CHARACTER SET utf8mb4 COLLATE utf8mb4_unicode_ci NOT NULL,
  `user_id` bigint UNSIGNED NULL DEFAULT NULL,
  `ip_address` varchar(45) CHARACTER SET utf8mb4 COLLATE utf8mb4_unicode_ci NULL DEFAULT NULL,
  `user_agent` text CHARACTER SET utf8mb4 COLLATE utf8mb4_unicode_ci NULL,
  `payload` longtext CHARACTER SET utf8mb4 COLLATE utf8mb4_unicode_ci NOT NULL,
  `last_activity` int NOT NULL,
  PRIMARY KEY (`id`) USING BTREE,
  INDEX `sessions_user_id_index`(`user_id` ASC) USING BTREE,
  INDEX `sessions_last_activity_index`(`last_activity` ASC) USING BTREE
) ENGINE = InnoDB CHARACTER SET = utf8mb4 COLLATE = utf8mb4_unicode_ci ROW_FORMAT = Dynamic;

-- ----------------------------
-- Records of sessions
-- ----------------------------
INSERT INTO `sessions` VALUES ('3PeOoWMqNN75WD13YP2CWYhG7zAfI98wtzJtB9Op', 2, '127.0.0.1', 'Mozilla/5.0 (Windows NT 10.0; Win64; x64) AppleWebKit/537.36 (KHTML, like Gecko) Chrome/131.0.0.0 Safari/537.36', 'YTo1OntzOjY6Il90b2tlbiI7czo0MDoiZ25tWGpaUW52andoT0ROMFJmdTBITFlXTEZQcUhScEtDTXF0eFJ4YyI7czo2OiJfZmxhc2giO2E6Mjp7czozOiJvbGQiO2E6MDp7fXM6MzoibmV3IjthOjA6e319czo5OiJfcHJldmlvdXMiO2E6MTp7czozOiJ1cmwiO3M6MjE6Imh0dHA6Ly9pbnZlbnRvcnkudGVzdCI7fXM6NTA6ImxvZ2luX3dlYl81OWJhMzZhZGRjMmIyZjk0MDE1ODBmMDE0YzdmNThlYTRlMzA5ODlkIjtpOjI7czoxNzoicGFzc3dvcmRfaGFzaF93ZWIiO3M6NjA6IiQyeSQxMiREL1FQaWkzTm9mRUhiVzd3UUpZZWh1dVlMMzQ0MzkvU1lwcW1ZdXZTSmVaY3ZkUEhyZUpSSyI7fQ==', 1732675764);

-- ----------------------------
-- Table structure for user
-- ----------------------------
DROP TABLE IF EXISTS `user`;
CREATE TABLE `user`  (
  `id` bigint UNSIGNED NOT NULL AUTO_INCREMENT,
  `name` varchar(255) CHARACTER SET utf8mb4 COLLATE utf8mb4_unicode_ci NOT NULL,
  `email` varchar(255) CHARACTER SET utf8mb4 COLLATE utf8mb4_unicode_ci NOT NULL,
  `email_verified_at` timestamp NULL DEFAULT NULL,
  `password` varchar(255) CHARACTER SET utf8mb4 COLLATE utf8mb4_unicode_ci NOT NULL,
  `remember_token` varchar(100) CHARACTER SET utf8mb4 COLLATE utf8mb4_unicode_ci NULL DEFAULT NULL,
  `created_at` timestamp NULL DEFAULT NULL,
  `updated_at` timestamp NULL DEFAULT NULL,
  PRIMARY KEY (`id`) USING BTREE,
  UNIQUE INDEX `user_email_unique`(`email` ASC) USING BTREE
) ENGINE = InnoDB AUTO_INCREMENT = 3 CHARACTER SET = utf8mb4 COLLATE = utf8mb4_unicode_ci ROW_FORMAT = Dynamic;

-- ----------------------------
-- Records of user
-- ----------------------------
INSERT INTO `user` VALUES (1, 'Super Admin', 'super.admin@email.com', NULL, '$2y$12$C8Vbm6koiz7cZ5S44BWLXu9fDOVkIjjzRQFCdqhJU.h2qunqqWDTu', NULL, '2024-11-27 09:45:37', '2024-11-27 09:45:37');
INSERT INTO `user` VALUES (2, 'Admin', 'admin@email.com', NULL, '$2y$12$D/QPii3NofEHbW7wQJYehuuYL34439/SYpqmYuvSJeZcvdPHreJRK', NULL, '2024-11-27 09:48:57', '2024-11-27 09:48:57');

-- ----------------------------
-- Table structure for vendor
-- ----------------------------
DROP TABLE IF EXISTS `vendor`;
CREATE TABLE `vendor`  (
  `id` bigint UNSIGNED NOT NULL AUTO_INCREMENT,
  `code` varchar(255) CHARACTER SET utf8mb4 COLLATE utf8mb4_unicode_ci NOT NULL,
  `name` varchar(255) CHARACTER SET utf8mb4 COLLATE utf8mb4_unicode_ci NULL DEFAULT NULL,
  `created_at` timestamp NULL DEFAULT NULL,
  `updated_at` timestamp NULL DEFAULT NULL,
  PRIMARY KEY (`id`) USING BTREE,
  UNIQUE INDEX `vendor_code_unique`(`code` ASC) USING BTREE
) ENGINE = InnoDB AUTO_INCREMENT = 1 CHARACTER SET = utf8mb4 COLLATE = utf8mb4_unicode_ci ROW_FORMAT = Dynamic;

-- ----------------------------
-- Records of vendor
-- ----------------------------

SET FOREIGN_KEY_CHECKS = 1;
